,station_id,latitude,longitude
0,https://api.weather.gov/stations/0007W,-84.1787,30.53099
1,https://api.weather.gov/stations/000PG,-121.33943,36.78921
2,https://api.weather.gov/stations/000SE,-117.8552,34.1181399
3,https://api.weather.gov/stations/001AS,-170.83,-14.319
4,https://api.weather.gov/stations/001BH,-103.44237,44.28004
5,https://api.weather.gov/stations/001CE,-95.0636899,29.9032
6,https://api.weather.gov/stations/001HE,-156.54018,20.80393
7,https://api.weather.gov/stations/001HI,-156.32,20.7579
8,https://api.weather.gov/stations/001ID,-113.68215,45.0219499
9,https://api.weather.gov/stations/001MD,-76.9258,39.26249
10,https://api.weather.gov/stations/001NH,-71.68782,44.06239
11,https://api.weather.gov/stations/001NW,-112.05122,46.5780699
12,https://api.weather.gov/stations/001SE,-117.73333,34.1255
13,https://api.weather.gov/stations/002AS,-170.7709999,-14.309
14,https://api.weather.gov/stations/002BH,-103.96457,44.39302
15,https://api.weather.gov/stations/002CE,-94.96404,29.80055
16,https://api.weather.gov/stations/002HC,-95.146,29.73416
17,https://api.weather.gov/stations/002HE,-156.65842,20.88582
18,https://api.weather.gov/stations/002HI,-156.2482,20.7597999
19,https://api.weather.gov/stations/002ID,-113.63931,45.07377
20,https://api.weather.gov/stations/002MD,-78.93353,39.67557
21,https://api.weather.gov/stations/002NH,-71.68296,44.10539
22,https://api.weather.gov/stations/002NW,-112.16532,46.57506
23,https://api.weather.gov/stations/002PG,-121.69699,36.63359
24,https://api.weather.gov/stations/002SE,-117.90908,33.96833
25,https://api.weather.gov/stations/003AS,-170.71,-14.282
26,https://api.weather.gov/stations/003BH,-103.45211,43.75385
27,https://api.weather.gov/stations/003HE,-156.3077,20.82307
28,https://api.weather.gov/stations/003HI,-156.2567,20.7104
29,https://api.weather.gov/stations/003ID,-115.9854,44.30781
30,https://api.weather.gov/stations/003MD,-77.72659,39.50959
31,https://api.weather.gov/stations/003NH,-71.11698,43.02662
32,https://api.weather.gov/stations/003NW,-112.16736,46.68129
33,https://api.weather.gov/stations/003PG,-121.82532,37.10476
34,https://api.weather.gov/stations/003SE,-117.91276,33.9698
35,https://api.weather.gov/stations/0043W,-84.29966,30.43794
36,https://api.weather.gov/stations/0049W,-83.45499,30.48114
37,https://api.weather.gov/stations/004AS,-170.65,-14.267
38,https://api.weather.gov/stations/004BH,-103.3989299,43.4008899
39,https://api.weather.gov/stations/004CE,-95.12692,29.81989
40,https://api.weather.gov/stations/004HC,-95.37936,29.71302
41,https://api.weather.gov/stations/004HE,-156.67232,20.91515
42,https://api.weather.gov/stations/004HI,-155.2384,19.4152
43,https://api.weather.gov/stations/004ID,-115.99145,44.42516
44,https://api.weather.gov/stations/004MD,-76.01185,38.74357
45,https://api.weather.gov/stations/004NH,-71.4785,43.04013
46,https://api.weather.gov/stations/004NW,-111.85646,46.49828
47,https://api.weather.gov/stations/004PG,-121.86345,37.48533
48,https://api.weather.gov/stations/004SE,-117.85,34.0887
49,https://api.weather.gov/stations/0054W,-84.51102,29.91655
50,https://api.weather.gov/stations/005AS,-170.553,-14.285
51,https://api.weather.gov/stations/005BH,-103.7166,44.39449
52,https://api.weather.gov/stations/005CE,-95.12632,29.70159
53,https://api.weather.gov/stations/005HE,-156.48856,20.8014
54,https://api.weather.gov/stations/005HI,-155.0954,19.6973999
55,https://api.weather.gov/stations/005ID,-116.05862,44.47213
56,https://api.weather.gov/stations/005MD,-75.88281,38.95357
57,https://api.weather.gov/stations/005NH,-71.57874,44.45324
58,https://api.weather.gov/stations/005NW,-112.01502,46.56093
59,https://api.weather.gov/stations/005PG,-124.17644,40.74677
60,https://api.weather.gov/stations/005SE,-117.91998,33.94762
61,https://api.weather.gov/stations/0063W,-80.8319,28.58484
62,https://api.weather.gov/stations/006BH,-103.91541,44.5052499
63,https://api.weather.gov/stations/006CE,-95.06546,29.64036
64,https://api.weather.gov/stations/006HC,-95.20722,29.77147
65,https://api.weather.gov/stations/006HE,-156.32381,20.7353
66,https://api.weather.gov/stations/006HI,-155.25,19.964
67,https://api.weather.gov/stations/006ID,-116.08283,44.70218
68,https://api.weather.gov/stations/006MD,-76.9411,39.00999
69,https://api.weather.gov/stations/006NH,-71.83747,43.29003
70,https://api.weather.gov/stations/006NW,-111.97644,46.47838
71,https://api.weather.gov/stations/006PG,-122.04104,38.32575
72,https://api.weather.gov/stations/006SE,-119.83051,34.46087
73,https://api.weather.gov/stations/007BH,-103.44852,43.90159
74,https://api.weather.gov/stations/007CE,-95.01024,29.65428
75,https://api.weather.gov/stations/007HC,-95.38104,29.67978
76,https://api.weather.gov/stations/007HE,-156.64241,20.86704
77,https://api.weather.gov/stations/007HI,-155.291,19.932
78,https://api.weather.gov/stations/007ID,-115.94224,44.07152
79,https://api.weather.gov/stations/007MD,-76.14528,38.91833
80,https://api.weather.gov/stations/007NH,-71.52282,43.1655299
81,https://api.weather.gov/stations/007NW,-111.90153,46.50819
82,https://api.weather.gov/stations/007PG,-119.50756,37.26429
83,https://api.weather.gov/stations/007SE,-119.82226,34.4743799
84,https://api.weather.gov/stations/0081W,-80.27768,25.71802
85,https://api.weather.gov/stations/0084W,-77.86902,40.80642
86,https://api.weather.gov/stations/008BH,-105.4256599,38.55997
87,https://api.weather.gov/stations/008CE,-94.93468,29.68181
88,https://api.weather.gov/stations/008HE,-156.61747,20.82027
89,https://api.weather.gov/stations/008HI,-155.996,19.748
90,https://api.weather.gov/stations/008ID,-115.98799,43.63644
91,https://api.weather.gov/stations/008MD,-76.59088,39.33523
92,https://api.weather.gov/stations/008NH,-71.45692,42.73175
93,https://api.weather.gov/stations/008NW,-111.48105,44.8172
94,https://api.weather.gov/stations/008PG,-121.59027,36.86074
95,https://api.weather.gov/stations/008SE,-117.35487,34.31443
96,https://api.weather.gov/stations/0097W,-84.37652,30.10783
97,https://api.weather.gov/stations/009BH,-103.62971,44.44766
98,https://api.weather.gov/stations/009CE,-94.98274,29.67871
99,https://api.weather.gov/stations/009HE,-155.81249,20.02396
100,https://api.weather.gov/stations/009HI,-155.851,19.803
101,https://api.weather.gov/stations/009ID,-116.11247,44.71661
102,https://api.weather.gov/stations/009MD,-76.77675,38.86236
103,https://api.weather.gov/stations/009NH,-71.49669,42.79292
104,https://api.weather.gov/stations/009NW,-110.83718,45.67069
105,https://api.weather.gov/stations/009PG,-122.59485,38.63502
106,https://api.weather.gov/stations/009SE,-117.24382,33.79369
107,https://api.weather.gov/stations/00NMC,-105.31585,35.03584
108,https://api.weather.gov/stations/010BH,-103.86879,43.19814
109,https://api.weather.gov/stations/010CE,-94.91115,29.49374
110,https://api.weather.gov/stations/010HE,-155.83597,20.04863
111,https://api.weather.gov/stations/010HI,-155.8738,19.7254
112,https://api.weather.gov/stations/010ID,-116.11755,44.64004
113,https://api.weather.gov/stations/010MD,-76.84308,38.59709
114,https://api.weather.gov/stations/010NH,-71.82749,42.75027
115,https://api.weather.gov/stations/010NW,-112.49302,45.85747
116,https://api.weather.gov/stations/010PG,-121.62277,36.90017
117,https://api.weather.gov/stations/010SE,-116.76829,33.90139
118,https://api.weather.gov/stations/011BH,-105.07571,38.51383
119,https://api.weather.gov/stations/011CE,-94.98226,29.51261
120,https://api.weather.gov/stations/011HE,-155.78082,19.93051
121,https://api.weather.gov/stations/011HI,-157.8025,21.3329999
122,https://api.weather.gov/stations/011ID,-116.12015,44.53776
123,https://api.weather.gov/stations/011MD,-75.69919,38.17779
124,https://api.weather.gov/stations/011NH,-71.44555,42.95398
125,https://api.weather.gov/stations/011NW,-111.95791,45.27459
126,https://api.weather.gov/stations/011PG,-120.0526,38.4864
127,https://api.weather.gov/stations/011SE,-116.78573,33.90331
128,https://api.weather.gov/stations/0128W,-82.55997,27.38139
129,https://api.weather.gov/stations/012BH,-105.20828,38.31189
130,https://api.weather.gov/stations/012CE,-95.21356,29.85009
131,https://api.weather.gov/stations/012HC,-95.63604,29.78482
132,https://api.weather.gov/stations/012HE,-155.7847899,19.9189599
133,https://api.weather.gov/stations/012HI,-157.8369,21.3390999
134,https://api.weather.gov/stations/012ID,-116.05534,44.57513
135,https://api.weather.gov/stations/012MD,-75.77415,38.35866
136,https://api.weather.gov/stations/012NW,-110.76155,45.66013
137,https://api.weather.gov/stations/012SE,-118.17286,34.10234
138,https://api.weather.gov/stations/013BH,-104.71017,38.49077
139,https://api.weather.gov/stations/013CE,-95.32595,29.68578
140,https://api.weather.gov/stations/013HE,-155.84274,20.07507
141,https://api.weather.gov/stations/013HI,-156.2458,20.7382
142,https://api.weather.gov/stations/013ID,-117.0657,44.85669
143,https://api.weather.gov/stations/013MD,-76.6234,39.39474
144,https://api.weather.gov/stations/013NH,-70.82996,42.92635
145,https://api.weather.gov/stations/013NW,-109.23655,45.18248
146,https://api.weather.gov/stations/013PG,-121.5544,36.86574
147,https://api.weather.gov/stations/013SE,-117.18807,33.72864
148,https://api.weather.gov/stations/014BH,-103.93141,38.1700299
149,https://api.weather.gov/stations/014CE,-95.22203,30.06874
150,https://api.weather.gov/stations/014HE,-156.3366,20.77134
151,https://api.weather.gov/stations/014HI,-159.5188,22.2026
152,https://api.weather.gov/stations/014ID,-116.67097,44.5915
153,https://api.weather.gov/stations/014MD,-76.99348,39.5340599
154,https://api.weather.gov/stations/014NW,-108.46067,45.7819
155,https://api.weather.gov/stations/014PG,-121.74964,36.52809
156,https://api.weather.gov/stations/014SE,-118.38368,33.99759
157,https://api.weather.gov/stations/015BH,-104.27583,38.28159
158,https://api.weather.gov/stations/015CE,-95.2947499,29.73801
159,https://api.weather.gov/stations/015HC,-95.54836,29.87026
160,https://api.weather.gov/stations/015HE,-156.32803,20.83766
161,https://api.weather.gov/stations/015HI,-159.421,22.1975
162,https://api.weather.gov/stations/015ID,-116.48133,44.59496
163,https://api.weather.gov/stations/015MD,-77.93846,39.69766
164,https://api.weather.gov/stations/015NH,-72.19642,42.99176
165,https://api.weather.gov/stations/015NW,-110.84706,47.16661
166,https://api.weather.gov/stations/015PG,-122.14175,38.24015
167,https://api.weather.gov/stations/015SE,-116.6154,33.9384
168,https://api.weather.gov/stations/0165W,-83.10633,29.62173
169,https://api.weather.gov/stations/016BH,-105.47348,38.13125
170,https://api.weather.gov/stations/016CE,-95.38395,30.11767
171,https://api.weather.gov/stations/016HE,-158.14557,21.40861
172,https://api.weather.gov/stations/016HI,-156.3554,20.7067
173,https://api.weather.gov/stations/016ID,-116.42025,44.54099
174,https://api.weather.gov/stations/016MD,-76.06289,39.2313199
175,https://api.weather.gov/stations/016NH,-71.16415,43.77667
176,https://api.weather.gov/stations/016NW,-111.90195,46.72678
177,https://api.weather.gov/stations/016PG,-122.38747,38.27105
178,https://api.weather.gov/stations/016SE,-117.27585,33.8444999
179,https://api.weather.gov/stations/0172W,-87.2173,30.55007
180,https://api.weather.gov/stations/0173W,-86.11369,30.35869
181,https://api.weather.gov/stations/017BH,-104.85281,38.37886
182,https://api.weather.gov/stations/017CE,-95.39715,29.63619
183,https://api.weather.gov/stations/017HE,-158.18864,21.4524
184,https://api.weather.gov/stations/017HI,-156.2948,20.8415
185,https://api.weather.gov/stations/017ID,-118.21728,44.52049
186,https://api.weather.gov/stations/017MD,-76.14153,38.58754
187,https://api.weather.gov/stations/017NH,-71.04142,43.61669
188,https://api.weather.gov/stations/017NW,-112.04658,46.38568
189,https://api.weather.gov/stations/017PG,-121.90192,37.21457
190,https://api.weather.gov/stations/017SE,-117.28195,34.30748
191,https://api.weather.gov/stations/0184W,-82.93485,30.47728
192,https://api.weather.gov/stations/018BH,-105.20048,38.73561
193,https://api.weather.gov/stations/018CE,-95.49785,29.77903
194,https://api.weather.gov/stations/018HE,-158.09063,21.33523
195,https://api.weather.gov/stations/018HI,-155.5704,19.1689
196,https://api.weather.gov/stations/018ID,-117.25527,43.99341
197,https://api.weather.gov/stations/018MD,-75.60369,38.34149
198,https://api.weather.gov/stations/018NH,-70.98086,43.28292
199,https://api.weather.gov/stations/018NW,-113.28896,46.17198
200,https://api.weather.gov/stations/018PG,-122.21434,37.33053
201,https://api.weather.gov/stations/018SE,-117.35925,34.02688
202,https://api.weather.gov/stations/0194W,-83.75863,30.48233
203,https://api.weather.gov/stations/019BH,-104.7734,38.17744
204,https://api.weather.gov/stations/019CE,-95.4883399,29.85556
205,https://api.weather.gov/stations/019HE,-158.1049899,21.37141
206,https://api.weather.gov/stations/019HI,-156.2739,20.6339
207,https://api.weather.gov/stations/019ID,-116.93396,43.87074
208,https://api.weather.gov/stations/019MD,-75.78873,39.04042
209,https://api.weather.gov/stations/019NH,-71.45134,43.40604
210,https://api.weather.gov/stations/019NW,-115.38801,47.57694
211,https://api.weather.gov/stations/019PG,-121.19258,36.1512699
212,https://api.weather.gov/stations/019SE,-117.64317,34.13843
213,https://api.weather.gov/stations/01MIC,-84.7694,43.9443
214,https://api.weather.gov/stations/01NMC,-108.56021,32.98161
215,https://api.weather.gov/stations/020BH,-105.20885,38.80615
216,https://api.weather.gov/stations/020CE,-95.41383,29.80673
217,https://api.weather.gov/stations/020HE,-158.20476,21.47417
218,https://api.weather.gov/stations/020HI,-156.2223,20.7735999
219,https://api.weather.gov/stations/020ID,-116.31375,43.98475
220,https://api.weather.gov/stations/020MD,-76.3262699,38.98431
221,https://api.weather.gov/stations/020NH,-70.8954399,43.21936
222,https://api.weather.gov/stations/020NW,-113.92799,46.8483
223,https://api.weather.gov/stations/020PG,-122.7134,38.39464
224,https://api.weather.gov/stations/020SE,-117.30618,34.33274
225,https://api.weather.gov/stations/0212W,-82.64628,28.89999
226,https://api.weather.gov/stations/0217W,-85.16548,30.95341
227,https://api.weather.gov/stations/021BH,-103.98551,37.91003
228,https://api.weather.gov/stations/021CE,-95.32396,29.84894
229,https://api.weather.gov/stations/021HE,-158.19607,21.47643
230,https://api.weather.gov/stations/021HI,-155.1224,19.8343
231,https://api.weather.gov/stations/021ID,-116.42571,43.9598299
232,https://api.weather.gov/stations/021MD,-79.23669,39.56781
233,https://api.weather.gov/stations/021NH,-70.91099,43.23229
234,https://api.weather.gov/stations/021PG,-122.03184,38.51908
235,https://api.weather.gov/stations/021SE,-117.2527,33.82269
236,https://api.weather.gov/stations/022BH,-105.13583,38.30772
237,https://api.weather.gov/stations/022CE,-95.95742,29.78648
238,https://api.weather.gov/stations/022HE,-158.15184,21.44071
239,https://api.weather.gov/stations/022HI,-155.3625999,19.845
240,https://api.weather.gov/stations/022ID,-116.58048,43.20291
241,https://api.weather.gov/stations/022MD,-76.70301,39.64524
242,https://api.weather.gov/stations/022NH,-71.51821,44.34858
243,https://api.weather.gov/stations/022PG,-120.11951,38.13141
244,https://api.weather.gov/stations/022SE,-118.32595,34.48913
245,https://api.weather.gov/stations/0234W,-80.16271,25.7323
246,https://api.weather.gov/stations/0235W,-80.21597,25.78781
247,https://api.weather.gov/stations/0239W,-85.72321,30.18902
248,https://api.weather.gov/stations/023BH,-105.0791,38.67714
249,https://api.weather.gov/stations/023CE,-95.4147799,29.44027
250,https://api.weather.gov/stations/023HE,-158.15312,21.47746
251,https://api.weather.gov/stations/023HI,-156.0024,20.7195
252,https://api.weather.gov/stations/023ID,-116.56984,43.26982
253,https://api.weather.gov/stations/023MD,-75.19263,38.33724
254,https://api.weather.gov/stations/023NH,-70.90752,42.97793
255,https://api.weather.gov/stations/023PG,-121.00329,36.04868
256,https://api.weather.gov/stations/023SE,-117.63299,33.9423
257,https://api.weather.gov/stations/0241W,-86.61879,30.44989
258,https://api.weather.gov/stations/0246W,-83.87875,30.49032
259,https://api.weather.gov/stations/024BH,-105.38871,38.1984
260,https://api.weather.gov/stations/024CE,-95.25071,29.31578
261,https://api.weather.gov/stations/024HE,-158.10023,21.39701
262,https://api.weather.gov/stations/024HI,-159.5752,22.2198
263,https://api.weather.gov/stations/024ID,-116.66807,43.33998
264,https://api.weather.gov/stations/024MD,-75.8332099,39.50756
265,https://api.weather.gov/stations/024NH,-70.9976,43.46483
266,https://api.weather.gov/stations/024PG,-122.9721,39.06731
267,https://api.weather.gov/stations/024SE,-116.95858,33.72608
268,https://api.weather.gov/stations/0250W,-77.90955,40.66645
269,https://api.weather.gov/stations/0258W,-71.17021,42.33476
270,https://api.weather.gov/stations/025BH,-104.4605,38.02013
271,https://api.weather.gov/stations/025CE,-95.35089,29.48721
272,https://api.weather.gov/stations/025HC,-94.9209,29.39488
273,https://api.weather.gov/stations/025HE,-158.0920999,21.37402
274,https://api.weather.gov/stations/025HI,-155.7493,20.1228
275,https://api.weather.gov/stations/025ID,-116.2344,43.42506
276,https://api.weather.gov/stations/025MD,-77.40114,39.63581
277,https://api.weather.gov/stations/025NH,-71.00566,43.40281
278,https://api.weather.gov/stations/025PG,-122.5498,38.30431
279,https://api.weather.gov/stations/025SE,-117.53525,33.82537
280,https://api.weather.gov/stations/026BH,-105.22537,41.15038
281,https://api.weather.gov/stations/026CE,-95.39775,29.5553
282,https://api.weather.gov/stations/026HE,-155.70565,19.90472
283,https://api.weather.gov/stations/026HI,-158.1451,21.5069
284,https://api.weather.gov/stations/026ID,-116.3044,43.4868499
285,https://api.weather.gov/stations/026MD,-77.2086999,39.7164
286,https://api.weather.gov/stations/026NH,-71.8899,42.8507
287,https://api.weather.gov/stations/026PG,-121.79182,36.6298699
288,https://api.weather.gov/stations/026SE,-117.34638,34.05241
289,https://api.weather.gov/stations/0272W,-84.33692,30.40105
290,https://api.weather.gov/stations/0275W,-84.34072,30.42059
291,https://api.weather.gov/stations/0278W,-77.85602,40.81206
292,https://api.weather.gov/stations/027BH,-105.2304599,41.02779
293,https://api.weather.gov/stations/027CE,-95.79662,29.87524
294,https://api.weather.gov/stations/027HE,-155.89733,19.78559
295,https://api.weather.gov/stations/027HI,-155.6771,20.0195
296,https://api.weather.gov/stations/027ID,-116.43655,43.42995
297,https://api.weather.gov/stations/027MD,-77.21603,38.4610399
298,https://api.weather.gov/stations/027NH,-71.24644,43.22249
299,https://api.weather.gov/stations/027PG,-122.08401,38.42078
300,https://api.weather.gov/stations/027SE,-118.30035,34.45793
301,https://api.weather.gov/stations/0280W,-81.19641,28.59174
302,https://api.weather.gov/stations/0289W,-85.29234,29.79373
303,https://api.weather.gov/stations/028BH,-103.28458,44.02394
304,https://api.weather.gov/stations/028CE,-95.32705,29.33411
305,https://api.weather.gov/stations/028HE,-157.00277,21.11592
306,https://api.weather.gov/stations/028HI,-156.3420999,20.6442
307,https://api.weather.gov/stations/028ID,-116.38893,43.42134
308,https://api.weather.gov/stations/028MD,-77.03312,39.09861
309,https://api.weather.gov/stations/028NH,-70.77346,43.08502
310,https://api.weather.gov/stations/028PG,-122.08663,38.70546
311,https://api.weather.gov/stations/028SE,-117.67563,33.95248
312,https://api.weather.gov/stations/0296W,-84.45084,30.6848
313,https://api.weather.gov/stations/029BH,-105.28972,38.45422
314,https://api.weather.gov/stations/029CE,-95.3562199,29.24472
315,https://api.weather.gov/stations/029HE,-157.0473,21.14593
316,https://api.weather.gov/stations/029HI,-155.9575,19.6687
317,https://api.weather.gov/stations/029ID,-115.70218,43.0765699
318,https://api.weather.gov/stations/029MD,-76.96128,39.38451
319,https://api.weather.gov/stations/029NH,-71.98518,43.39229
320,https://api.weather.gov/stations/029PG,-122.1926,38.83315
321,https://api.weather.gov/stations/029SE,-117.33774,34.10864
322,https://api.weather.gov/stations/02MIC,-84.7452,43.8328
323,https://api.weather.gov/stations/02NMC,-108.87714,33.27557
324,https://api.weather.gov/stations/030BH,-104.98397,38.48921
325,https://api.weather.gov/stations/030HC,-96.075,30.11419
326,https://api.weather.gov/stations/030HE,-156.58877,20.81081
327,https://api.weather.gov/stations/030HI,-156.7295,21.1453
328,https://api.weather.gov/stations/030ID,-115.74684,43.12301
329,https://api.weather.gov/stations/030MD,-76.32508,38.7661299
330,https://api.weather.gov/stations/030PG,-122.01059,38.59342
331,https://api.weather.gov/stations/030SE,-117.42257,34.3352999
332,https://api.weather.gov/stations/031CE,-95.4689,29.04794
333,https://api.weather.gov/stations/031HE,-156.63188,20.85052
334,https://api.weather.gov/stations/031HI,-156.7586,21.1314
335,https://api.weather.gov/stations/031ID,-115.68739,43.2115099
336,https://api.weather.gov/stations/031MD,-75.7829299,38.69503
337,https://api.weather.gov/stations/031SE,-117.33863,34.03833
338,https://api.weather.gov/stations/0323W,-80.2823499,25.71442
339,https://api.weather.gov/stations/0325W,-87.00908,30.39198
340,https://api.weather.gov/stations/0327W,-87.16718,30.35847
341,https://api.weather.gov/stations/032CE,-95.46233,28.97469
342,https://api.weather.gov/stations/032HE,-155.77173,19.98493
343,https://api.weather.gov/stations/032HI,-156.2846999,20.6442
344,https://api.weather.gov/stations/032ID,-115.83671,43.30163
345,https://api.weather.gov/stations/032MD,-75.87277,39.34274
346,https://api.weather.gov/stations/032PG,-121.39355,36.7473
347,https://api.weather.gov/stations/032SE,-117.08357,34.00392
348,https://api.weather.gov/stations/0331W,-82.11236,28.67248
349,https://api.weather.gov/stations/0335W,-81.86353,27.22227
350,https://api.weather.gov/stations/033CE,-95.35087,29.05794
351,https://api.weather.gov/stations/033HI,-155.0515,19.6062
352,https://api.weather.gov/stations/033ID,-116.11482,43.53766
353,https://api.weather.gov/stations/033MD,-75.94485,38.53825
354,https://api.weather.gov/stations/033PG,-123.81329,40.28661
355,https://api.weather.gov/stations/033SE,-117.07461,34.01302
356,https://api.weather.gov/stations/0344W,-84.28337,30.44033
357,https://api.weather.gov/stations/0349W,-84.39281,33.77232
358,https://api.weather.gov/stations/034CE,-95.38475,29.01086
359,https://api.weather.gov/stations/034HE,-155.82116,19.82773
360,https://api.weather.gov/stations/034HI,-155.8312,19.7724
361,https://api.weather.gov/stations/034ID,-116.06685,43.53163
362,https://api.weather.gov/stations/034MD,-77.48522,39.1316
363,https://api.weather.gov/stations/034PG,-120.51692,36.0183
364,https://api.weather.gov/stations/034SE,-117.62071,34.4241699
365,https://api.weather.gov/stations/0353W,-84.40367,33.77494
366,https://api.weather.gov/stations/035CE,-95.10514,29.09818
367,https://api.weather.gov/stations/035HC,-95.39916,30.84468
368,https://api.weather.gov/stations/035HE,-155.65328,19.86466
369,https://api.weather.gov/stations/035HI,-155.811,19.2068
370,https://api.weather.gov/stations/035ID,-116.13514,43.6184299
371,https://api.weather.gov/stations/035MD,-77.074,39.3387
372,https://api.weather.gov/stations/035PG,-124.24583,40.27894
373,https://api.weather.gov/stations/035SE,-118.57794,34.71722
374,https://api.weather.gov/stations/0369W,-81.77957,26.46131
375,https://api.weather.gov/stations/036CE,-95.35029,29.10938
376,https://api.weather.gov/stations/036HE,-155.71169,20.02787
377,https://api.weather.gov/stations/036HI,-156.6549,20.8907
378,https://api.weather.gov/stations/036ID,-116.23375,43.52779
379,https://api.weather.gov/stations/036MD,-76.66568,38.71795
380,https://api.weather.gov/stations/036PG,-123.4218,39.6011
381,https://api.weather.gov/stations/036SE,-117.31482,34.1679699
382,https://api.weather.gov/stations/037CE,-95.39966,29.08904
383,https://api.weather.gov/stations/037HE,-155.67311,19.94126
384,https://api.weather.gov/stations/037HI,-157.8364,21.3466999
385,https://api.weather.gov/stations/037ID,-116.46823,43.7807699
386,https://api.weather.gov/stations/037PG,-123.10781,39.22884
387,https://api.weather.gov/stations/037SE,-117.41323,34.38039
388,https://api.weather.gov/stations/038CE,-95.32858,29.00331
389,https://api.weather.gov/stations/038HE,-158.17735,21.57376
390,https://api.weather.gov/stations/038HI,-157.8409,21.3375999
391,https://api.weather.gov/stations/038ID,-116.53278,43.72619
392,https://api.weather.gov/stations/038PG,-123.00724,38.5124
393,https://api.weather.gov/stations/038SE,-117.04907,33.97572
394,https://api.weather.gov/stations/0394W,-81.36964,27.29373
395,https://api.weather.gov/stations/039CE,-94.81856,29.31787
396,https://api.weather.gov/stations/039HE,-158.235,21.579
397,https://api.weather.gov/stations/039HI,-156.4306,20.7458
398,https://api.weather.gov/stations/039ID,-116.3546,43.74701
399,https://api.weather.gov/stations/039PG,-122.49567,37.58674
400,https://api.weather.gov/stations/039SE,-117.31386,34.15566
401,https://api.weather.gov/stations/03MIC,-84.6022,44.0916
402,https://api.weather.gov/stations/03NMC,-108.82806,35.60808
403,https://api.weather.gov/stations/0401W,-86.85711,30.38191
404,https://api.weather.gov/stations/0402W,-87.24832,30.49776
405,https://api.weather.gov/stations/0405W,-77.4185,39.39343
406,https://api.weather.gov/stations/0408W,-80.41919,37.2197
407,https://api.weather.gov/stations/040CE,-94.81165,29.28469
408,https://api.weather.gov/stations/040HE,-158.05502,21.50589
409,https://api.weather.gov/stations/040HI,-155.1874,19.7064
410,https://api.weather.gov/stations/040ID,-116.37512,43.86087
411,https://api.weather.gov/stations/040PG,-122.36483,38.46128
412,https://api.weather.gov/stations/040SE,-119.02304,34.3308
413,https://api.weather.gov/stations/0414W,-83.4099899,33.8473
414,https://api.weather.gov/stations/041CE,-95.27491,29.16448
415,https://api.weather.gov/stations/041HE,-155.9519,19.62725
416,https://api.weather.gov/stations/041HI,-157.8305,21.355
417,https://api.weather.gov/stations/041ID,-116.23123,43.86848
418,https://api.weather.gov/stations/041PG,-121.44121,36.55146
419,https://api.weather.gov/stations/041SE,-118.75402,34.46058
420,https://api.weather.gov/stations/0422W,-79.0477499,35.9065
421,https://api.weather.gov/stations/0425W,-78.67365,35.77173
422,https://api.weather.gov/stations/0427W,-86.8601599,30.42329
423,https://api.weather.gov/stations/042CE,-95.01857,29.54559
424,https://api.weather.gov/stations/042HE,-155.97249,19.62853
425,https://api.weather.gov/stations/042HI,-156.3599,20.7953
426,https://api.weather.gov/stations/042ID,-113.93146,45.54789
427,https://api.weather.gov/stations/042PG,-120.51024,38.77911
428,https://api.weather.gov/stations/042SE,-117.19321,34.24529
429,https://api.weather.gov/stations/043CE,-95.0181,29.6175
430,https://api.weather.gov/stations/043HI,-156.1413,20.7306
431,https://api.weather.gov/stations/043ID,-115.39244,44.11409
432,https://api.weather.gov/stations/043PG,-122.11131,38.26512
433,https://api.weather.gov/stations/043SE,-118.85883,34.31016
434,https://api.weather.gov/stations/0443W,-80.27422,36.13424
435,https://api.weather.gov/stations/0446W,-80.2550399,36.1308
436,https://api.weather.gov/stations/0447W,-78.51334,38.03048
437,https://api.weather.gov/stations/044CE,-95.17013,29.24695
438,https://api.weather.gov/stations/044HE,-156.35542,20.76717
439,https://api.weather.gov/stations/044HI,-159.5104,21.9053
440,https://api.weather.gov/stations/044ID,-115.91073,43.88108
441,https://api.weather.gov/stations/044PG,-122.13917,38.30488
442,https://api.weather.gov/stations/044SE,-117.36377,34.16161
443,https://api.weather.gov/stations/0453W,-77.8842,40.78817
444,https://api.weather.gov/stations/045CE,-95.09801,29.31641
445,https://api.weather.gov/stations/045HE,-156.5081999,20.80574
446,https://api.weather.gov/stations/045ID,-116.3135,45.21363
447,https://api.weather.gov/stations/045PG,-121.37318,37.50143
448,https://api.weather.gov/stations/045SE,-116.83174,34.03808
449,https://api.weather.gov/stations/0468W,-81.07754,24.70333
450,https://api.weather.gov/stations/046CE,-94.90791,29.29942
451,https://api.weather.gov/stations/046HE,-156.4173099,20.88289
452,https://api.weather.gov/stations/046HI,-157.8056,21.3451999
453,https://api.weather.gov/stations/046ID,-115.49268,44.9637
454,https://api.weather.gov/stations/046PG,-122.35531,38.27672
455,https://api.weather.gov/stations/046SE,-117.19855,34.24621
456,https://api.weather.gov/stations/0470W,-81.7769299,24.5541899
457,https://api.weather.gov/stations/0472W,-83.38258,33.9051199
458,https://api.weather.gov/stations/0477W,-82.84316,34.67866
459,https://api.weather.gov/stations/047CE,-94.76826,29.3106
460,https://api.weather.gov/stations/047HE,-156.41321,20.68287
461,https://api.weather.gov/stations/047HI,-154.9437,19.5012
462,https://api.weather.gov/stations/047ID,-115.99592,43.47834
463,https://api.weather.gov/stations/047PG,-122.63379,38.29207
464,https://api.weather.gov/stations/047SE,-117.17594,34.2583399
465,https://api.weather.gov/stations/0480W,-82.7091499,34.86909
466,https://api.weather.gov/stations/0483W,-86.71989,33.48082
467,https://api.weather.gov/stations/0486W,-83.708,31.13787
468,https://api.weather.gov/stations/048CE,-95.64532,29.78777
469,https://api.weather.gov/stations/048HI,-156.2123,20.8909999
470,https://api.weather.gov/stations/048ID,-116.07717,44.8616
471,https://api.weather.gov/stations/048PG,-122.33966,37.51148
472,https://api.weather.gov/stations/048SE,-118.17165,34.4764399
473,https://api.weather.gov/stations/0499W,-83.21124,42.08525
474,https://api.weather.gov/stations/049CE,-95.59621,29.55119
475,https://api.weather.gov/stations/049HE,-156.45416,20.87013
476,https://api.weather.gov/stations/049ID,-117.07865,42.98603
477,https://api.weather.gov/stations/049PG,-121.82108,37.1051
478,https://api.weather.gov/stations/049SE,-118.37337,34.42503
479,https://api.weather.gov/stations/04MIC,-84.7877,43.5102
480,https://api.weather.gov/stations/04NMC,-108.36199,35.80591
481,https://api.weather.gov/stations/0500W,-83.89849,33.96774
482,https://api.weather.gov/stations/0503W,-82.79033,27.89342
483,https://api.weather.gov/stations/0504W,-91.55109,41.65873
484,https://api.weather.gov/stations/0508W,-81.34125,29.92442
485,https://api.weather.gov/stations/050CE,-95.60579,29.63182
486,https://api.weather.gov/stations/050HE,-156.50657,20.82281
487,https://api.weather.gov/stations/050HI,-155.7624,19.5059
488,https://api.weather.gov/stations/050ID,-117.08535,42.96538
489,https://api.weather.gov/stations/050PG,-120.63074,38.32741
490,https://api.weather.gov/stations/050SE,-118.51937,34.84717
491,https://api.weather.gov/stations/0511W,-82.63815,27.77185
492,https://api.weather.gov/stations/0512W,-73.59826,40.71308
493,https://api.weather.gov/stations/0514W,-73.59864,40.71831
494,https://api.weather.gov/stations/0516W,-73.60202,40.71923
495,https://api.weather.gov/stations/0518W,-71.08836,42.33587
496,https://api.weather.gov/stations/0519W,-77.78574,39.24224
497,https://api.weather.gov/stations/051CE,-95.68075,29.49153
498,https://api.weather.gov/stations/051HE,-156.41264,20.84822
499,https://api.weather.gov/stations/051HI,-155.8445,19.5088
